City_ID,City,Country,Lat,Lng,Max Temp,Humidity,Cloudiness,Wind Speed,Current Description
0,Gasa,PS,31.5,34.4667,76.98,67,0,7.94,clear sky
1,Bulungu,CD,-4.55,18.6,70.21,90,100,1.59,light rain
2,Wakkanai,JP,45.4094,141.6739,67.98,68,40,11.5,scattered clouds
3,Punta Arenas,CL,-53.15,-70.9167,41.11,81,0,12.66,clear sky
4,Puerto Ayora,EC,-0.7393,-90.3518,69.22,90,87,6.91,overcast clouds
5,Ushuaia,AR,-54.8,-68.3,38.86,70,0,1.14,clear sky
6,Salalah,OM,17.0151,54.0924,80.69,89,20,1.14,few clouds
7,Nikolskoye,RU,59.7035,30.7861,47.88,98,72,3.94,broken clouds
8,Cape Town,ZA,-33.9258,18.4232,60.12,79,0,1.99,clear sky
9,Ampanihy,MG,-24.7,44.75,68.18,66,0,5.32,clear sky
10,Esperance,AU,-33.8667,121.9,60.64,83,82,13.15,light rain
11,New Norfolk,AU,-42.7826,147.0587,58.75,35,50,4.25,scattered clouds
12,Bluff,NZ,-46.6,168.3333,55.8,54,5,6.73,clear sky
13,Toamasina,MG,-18.1667,49.3833,66.2,94,40,6.91,light rain
14,Avarua,CK,-21.2078,-159.775,78.85,69,20,3.44,few clouds
15,Butaritari,KI,3.0707,172.7902,83.71,73,91,13.91,light rain
16,Albany,US,42.6001,-73.9662,55.54,87,6,5.21,clear sky
17,Tessalit,ML,20.1986,1.0114,84.72,16,1,8.14,clear sky
18,Longyearbyen,SJ,78.2186,15.6401,35.44,87,75,21.85,light rain
19,Luderitz,NA,-26.6481,15.1594,57.18,94,55,16.93,broken clouds
20,Beringovskiy,RU,63.05,179.3167,36.73,87,92,3.42,overcast clouds
21,Ponta Do Sol,PT,32.6667,-17.1,70.72,66,17,3.31,few clouds
22,Cabo San Lucas,MX,22.8909,-109.9124,86.61,76,6,5.28,clear sky
23,Jamestown,US,42.097,-79.2353,63.72,84,75,1.99,broken clouds
24,Santo Anastacio,BR,-21.8383,-51.6103,73.76,59,75,7.94,broken clouds
25,Sao Filipe,CV,14.8961,-24.4956,78.4,81,79,5.53,broken clouds
26,Barrow,US,71.2906,-156.7887,23.02,80,1,14.97,clear sky
27,Beyneu,KZ,45.3167,55.2,61.3,60,100,24.09,overcast clouds
28,Hobart,AU,-42.8794,147.3294,59.11,50,40,4.0,scattered clouds
29,Qaanaaq,GL,77.484,-69.3632,19.8,59,85,8.52,overcast clouds
30,Newport,GB,51.5877,-2.9984,64.94,90,100,28.14,overcast clouds
31,Kloulklubed,PW,7.0419,134.2556,86.5,74,84,7.94,broken clouds
32,Dikson,RU,73.5069,80.5464,35.53,86,76,24.67,broken clouds
33,Mount Gambier,AU,-37.8333,140.7667,66.11,34,76,12.66,broken clouds
34,Havelock,US,34.8791,-76.9013,69.75,88,3,1.79,clear sky
35,Rikitea,PF,-23.1203,-134.9692,73.65,72,33,19.6,scattered clouds
36,Saskylakh,RU,71.9167,114.0833,35.24,98,100,13.4,overcast clouds
37,Kahului,US,20.8947,-156.47,83.46,85,40,20.71,scattered clouds
38,Murray Bridge,AU,-35.1167,139.2667,75.49,23,56,12.73,broken clouds
39,Rawson,AR,-43.3002,-65.1023,51.01,31,5,8.55,clear sky
40,Margate,GB,51.3813,1.3862,64.11,98,89,15.5,overcast clouds
41,Skibbereen,IE,51.55,-9.2667,51.6,82,71,15.43,broken clouds
42,Bengkulu,ID,-3.8004,102.2655,82.85,71,74,3.76,broken clouds
43,Vao,NC,-22.6667,167.4833,68.27,68,35,10.87,scattered clouds
44,Marktheidenfeld,DE,49.8442,9.6039,62.53,94,100,1.99,overcast clouds
45,Hilo,US,19.7297,-155.09,80.33,86,90,12.66,moderate rain
46,Busselton,AU,-33.65,115.3333,63.09,75,64,12.41,broken clouds
47,Kapaa,US,22.0752,-159.319,84.18,75,40,1.99,light rain
48,Wattegama,LK,6.7989,81.4808,79.72,63,100,14.09,overcast clouds
49,Ojuelos De Jalisco,MX,21.8667,-101.5833,61.74,71,87,8.97,overcast clouds
50,Zaysan,KZ,47.4667,84.8667,47.64,44,60,3.2,broken clouds
51,Faanui,PF,-16.4833,-151.75,79.66,73,2,11.83,clear sky
52,Klaksvik,FO,62.2266,-6.589,49.12,86,91,14.07,overcast clouds
53,Puerto Baquerizo Moreno,EC,-0.9,-89.6,68.56,90,29,9.35,scattered clouds
54,Kodiak,US,57.79,-152.4072,45.36,62,0,9.71,clear sky
55,Atuona,PF,-9.8,-139.0333,78.08,73,5,18.81,clear sky
56,Jiwani,PK,25.05,61.7417,81.46,79,36,3.65,scattered clouds
57,Burnie,AU,-41.0667,145.9167,53.06,66,99,3.56,overcast clouds
58,Pirogovo,RU,56.7796,53.1495,39.65,92,100,16.31,moderate rain
59,Hithadhoo,MV,-0.6,73.0833,82.4,74,100,15.9,overcast clouds
60,Chernyshevskiy,RU,63.0128,112.4714,35.51,64,100,15.75,overcast clouds
61,Hambantota,LK,6.1241,81.1185,80.94,89,100,11.5,overcast clouds
62,Port Hardy,CA,50.6996,-127.4199,57.2,82,90,23.02,light intensity shower rain
63,Padang,ID,-0.9492,100.3543,78.85,84,96,5.14,light rain
64,Jalu,LY,29.0331,21.5482,69.06,64,0,9.19,clear sky
65,Mount Darwin,ZW,-16.7725,31.5838,61.05,67,6,5.41,clear sky
66,Saint-Philippe,RE,-21.3585,55.7679,69.39,87,83,16.04,light rain
67,Mataura,NZ,-46.1927,168.8643,55.47,34,4,2.06,clear sky
68,Alyangula,AU,-13.8483,136.4192,85.87,66,75,9.22,broken clouds
69,Egvekinot,RU,66.3167,-179.1667,26.13,74,10,3.49,clear sky
70,Buraydah,SA,26.326,43.975,70.25,34,38,4.41,scattered clouds
71,Tasiilaq,GL,65.6145,-37.6368,32.16,63,16,6.62,few clouds
72,Carnarvon,AU,-24.8667,113.6333,69.87,52,0,13.8,clear sky
73,Turkistan,KZ,43.0,68.0,58.33,62,74,18.07,broken clouds
74,Victoria,HK,22.2855,114.1577,88.25,72,28,1.01,scattered clouds
75,Hami,CN,42.8,93.45,70.11,18,0,3.4,clear sky
76,Deputatskiy,RU,69.3,139.9,27.7,72,100,13.58,overcast clouds
77,Helena,US,46.5927,-112.0361,70.79,29,1,1.99,clear sky
78,Koksovyy,RU,48.1967,40.5989,46.63,87,7,12.88,clear sky
79,Kruisfontein,ZA,-34.0033,24.7314,55.49,94,7,4.05,clear sky
80,Neuquen,AR,-38.9516,-68.0591,49.89,46,0,2.3,clear sky
81,Northam,GB,51.0333,-4.2167,63.39,94,100,25.01,heavy intensity rain
82,Meulaboh,ID,4.1363,96.1285,79.95,78,100,1.61,overcast clouds
83,Goderich,CA,43.7501,-81.7165,61.12,82,100,6.91,overcast clouds
84,Medina Del Campo,ES,41.3124,-4.9141,61.75,74,100,7.58,overcast clouds
85,Charters Towers,AU,-20.1,146.2667,88.11,24,2,11.81,clear sky
86,Chokwe,MZ,-24.5333,32.9833,67.89,69,0,3.85,clear sky
87,Sisophon,KH,13.5859,102.9737,84.07,75,100,4.09,light rain
88,Doctor Juan Leon Mallorquin,PY,-25.4,-55.2667,74.93,46,0,3.62,clear sky
89,Berberati,CF,4.2612,15.7922,67.53,99,100,1.52,moderate rain
90,Markova,UA,48.6758,24.4138,52.32,93,68,2.26,broken clouds
91,Lebork,PL,54.5392,17.7501,51.93,71,54,9.86,broken clouds
92,Grand-Santi,GF,4.25,-54.3833,71.51,98,27,2.86,scattered clouds
93,Hovin,NO,63.1055,10.225,60.13,85,76,8.28,broken clouds
94,Yulara,AU,-25.2406,130.9889,87.64,8,95,16.11,overcast clouds
95,Tuktoyaktuk,CA,69.4541,-133.0374,32.0,93,75,16.11,broken clouds
96,Half Moon Bay,US,37.4636,-122.4286,64.29,80,90,6.91,overcast clouds
97,Oshnaviyeh,IR,37.0397,45.0983,43.05,48,0,0.2,clear sky
98,Baykit,RU,61.67,96.37,38.77,62,100,10.65,overcast clouds
99,Baripada,IN,21.935,86.7214,83.53,81,35,8.3,light rain
100,Douentza,ML,14.9951,-2.9517,91.04,27,88,3.24,overcast clouds
101,Boddam,GB,57.4667,-1.7833,58.08,96,100,14.47,overcast clouds
102,Boyolangu,ID,-8.1181,111.8935,83.23,64,62,12.37,broken clouds
103,Vila Velha,BR,-20.3297,-40.2925,73.35,78,75,4.61,broken clouds
104,Codrington,AU,-38.2667,141.9667,64.2,53,13,12.41,few clouds
105,Olafsvik,IS,64.8945,-23.7142,38.43,73,100,28.88,overcast clouds
106,Kaitangata,NZ,-46.2817,169.8464,50.94,52,5,8.03,clear sky
107,Touros,BR,-5.1989,-35.4608,76.1,84,59,13.91,broken clouds
108,Takapau,NZ,-40.0333,176.35,51.19,95,100,4.97,overcast clouds
109,Yellowknife,CA,62.456,-114.3525,42.57,87,20,4.61,few clouds
110,Grindavik,IS,63.8424,-22.4338,39.67,81,90,29.93,overcast clouds
111,Ribeira Grande,PT,38.5167,-28.7,68.34,73,73,21.7,broken clouds
112,Bethal,ZA,-26.4579,29.4655,53.55,46,6,4.27,clear sky
113,Vaini,TO,-21.2,-175.2,77.16,78,75,5.75,broken clouds
114,Taksimo,RU,56.3444,114.8794,38.35,83,100,4.0,light rain
115,Atar,MR,20.5169,-13.0499,92.21,16,4,6.67,clear sky
116,Placido De Castro,BR,-10.3353,-67.1856,80.51,57,1,3.62,clear sky
117,Palmas,BR,-10.2128,-48.3603,71.47,94,75,4.61,broken clouds
118,Banda Aceh,ID,5.5577,95.3222,85.03,65,100,11.95,moderate rain
119,Dunedin,NZ,-45.8742,170.5036,48.52,60,49,13.87,scattered clouds
120,Tornio,FI,65.8481,24.1466,46.42,94,71,10.89,broken clouds
121,Ust-Tsilma,RU,65.441,52.1498,38.5,92,100,5.57,overcast clouds
122,Itororo,BR,-15.1169,-40.0703,66.88,95,89,1.86,overcast clouds
123,Muros,ES,42.7762,-9.0603,68.23,91,100,13.47,light rain
124,Poum,NC,-20.2333,164.0167,72.59,63,8,7.58,clear sky
125,Saint George,US,37.1041,-113.5841,84.94,27,1,1.99,clear sky
126,Saldanha,ZA,-33.0117,17.9442,55.45,89,3,14.88,clear sky
127,Berlevag,NO,70.8578,29.0864,50.0,85,100,19.3,overcast clouds
128,Dwarka,IN,22.2394,68.9678,82.15,81,89,4.38,overcast clouds
129,Port Alfred,ZA,-33.5906,26.891,64.24,88,33,20.24,scattered clouds
130,Guerrero Negro,MX,27.9769,-114.0611,69.57,75,0,18.79,clear sky
131,Lebu,CL,-37.6167,-73.65,47.62,77,3,18.68,clear sky
132,Cochrane,CA,51.1834,-114.4687,65.48,38,75,11.5,broken clouds
133,Sabang,ID,5.8933,95.3214,81.72,77,100,18.14,moderate rain
134,Budureasa,RO,46.6667,22.5,54.01,57,0,5.77,clear sky
135,Upernavik,GL,72.7868,-56.1549,23.67,63,0,4.12,clear sky
136,Calama,CL,-22.4667,-68.9333,58.8,15,0,7.65,clear sky
137,Aleksandrovskiy Zavod,RU,50.9237,117.9374,45.28,48,3,19.22,clear sky
138,Beloha,MG,-25.1667,45.05,67.57,69,0,7.74,clear sky
139,Acapulco,MX,16.8634,-99.8901,80.8,82,96,4.12,overcast clouds
140,Bambous Virieux,MU,-20.3428,57.7575,71.22,94,75,18.41,broken clouds
141,Cherskiy,RU,68.75,161.3,28.92,82,100,17.36,overcast clouds
142,Lavrentiya,RU,65.5833,-171.0,33.04,82,68,3.42,broken clouds
143,Povenets,RU,62.8487,34.8262,45.52,94,90,5.3,overcast clouds
144,Makakilo City,US,21.3469,-158.0858,86.32,62,20,14.97,few clouds
145,Arraial Do Cabo,BR,-22.9661,-42.0278,71.08,87,86,22.15,overcast clouds
146,Panaba,MX,21.2833,-88.2667,76.86,87,37,7.49,scattered clouds
147,Maicao,CO,11.3832,-72.2432,82.08,81,85,11.39,overcast clouds
148,Skjervoy,NO,70.0311,20.9714,51.8,81,100,4.5,overcast clouds
149,Hermanus,ZA,-34.4187,19.2345,57.9,90,45,2.64,scattered clouds
150,Clinton,US,42.587,-82.9199,69.1,66,75,1.01,broken clouds
151,Puerto Narino,CO,-3.7703,-70.3831,75.15,73,100,1.99,overcast clouds
152,Kavieng,PG,-2.5744,150.7967,83.8,73,35,8.79,light rain
153,Khash,IR,28.2211,61.2158,73.98,12,9,5.66,clear sky
154,Coquimbo,CL,-29.9533,-71.3436,55.13,87,0,5.75,clear sky
155,Avera,US,33.194,-82.5271,66.7,57,0,3.8,clear sky
156,Karangasem,ID,-8.45,115.6167,81.48,63,82,10.02,broken clouds
157,Talara,PE,-4.5772,-81.2719,65.21,88,34,11.68,scattered clouds
158,Qostanay,KZ,53.1667,63.5833,43.09,42,0,20.13,clear sky
159,Innisfail,AU,-17.5333,146.0333,89.87,60,11,8.79,few clouds
160,Yarada,IN,17.65,83.2667,81.14,84,100,15.61,moderate rain
161,San Lorenzo,PY,-25.3333,-57.5333,76.59,41,0,7.0,clear sky
162,Puerto Escondido,MX,15.85,-97.0667,81.21,81,100,3.8,overcast clouds
163,Isla Mujeres,MX,21.2311,-86.731,82.45,78,12,8.48,few clouds
164,Lang Son,VN,21.8333,106.7333,84.15,69,22,1.72,few clouds
165,Clyde River,CA,70.4692,-68.5914,25.99,87,32,9.46,scattered clouds
166,Chokurdakh,RU,70.6333,147.9167,27.19,87,100,19.39,light snow
167,Sal Rei,CV,16.1833,-22.9167,79.36,82,32,10.85,scattered clouds
168,Katherine,AU,-14.4667,132.2667,93.52,36,0,4.61,clear sky
169,Binga,ZW,-17.6203,27.3414,68.2,38,10,1.95,clear sky
170,Caravelas,BR,-17.7125,-39.2481,71.73,82,100,6.87,overcast clouds
171,Vytegra,RU,61.0064,36.4481,42.31,94,59,3.47,broken clouds
172,Tual,ID,-5.6667,132.75,80.85,82,84,12.39,broken clouds
173,Barmer,IN,25.75,71.3833,86.88,62,15,4.94,few clouds
174,Sinjar,IQ,36.3209,41.8754,68.65,19,4,4.45,clear sky
175,Fukue,JP,32.6881,128.8419,79.16,73,75,8.05,broken clouds
176,Lorengau,PG,-2.0226,147.2712,81.86,79,95,6.24,overcast clouds
177,Zalantun,CN,48.0,122.7167,60.84,58,0,14.76,clear sky
178,Mar Del Plata,AR,-38.0023,-57.5575,53.1,66,90,3.0,overcast clouds
179,Manono,CD,-7.3,27.4167,71.42,68,87,2.51,overcast clouds
180,East London,ZA,-33.0153,27.9116,66.04,80,80,18.12,broken clouds
181,Kathu,TH,7.9178,98.3332,80.42,76,94,1.61,overcast clouds
182,Ust-Maya,RU,60.4167,134.5333,45.54,54,97,7.67,overcast clouds
183,Grenada,ES,37.1882,-3.6067,67.12,67,0,1.99,clear sky
184,Hamilton,US,39.1834,-84.5333,63.84,71,1,0.0,clear sky
185,Rincon,US,32.296,-81.2354,73.85,87,1,3.44,clear sky
186,Inuvik,CA,68.3499,-133.7218,32.86,83,75,1.14,broken clouds
187,Husavik,IS,66.0449,-17.3389,33.71,96,100,26.49,snow
188,Airai,TL,-8.9266,125.4092,80.33,31,55,3.53,broken clouds
189,Tiksi,RU,71.6872,128.8694,34.39,90,100,12.08,overcast clouds
190,Belmonte,BR,-15.8631,-38.8828,73.9,89,77,6.78,broken clouds
191,Harper,LR,4.375,-7.7169,75.4,86,100,1.88,light rain
192,Mansehra,PK,34.3333,73.2,73.44,66,12,2.24,few clouds
193,Taraz,KZ,42.9,71.3667,68.41,28,40,22.37,scattered clouds
194,Neka,IR,36.6508,53.299,61.65,74,0,4.9,clear sky
195,Kaeo,NZ,-35.1,173.7833,51.96,89,100,2.51,overcast clouds
196,Keetmanshoop,NA,-26.5833,18.1333,72.52,17,58,5.61,broken clouds
197,Acarau,BR,-2.8856,-40.12,78.98,84,12,18.45,few clouds
198,Sigli,ID,5.3848,95.9609,84.56,65,100,4.21,overcast clouds
199,Nizhneangarsk,RU,55.7833,109.55,38.71,53,78,3.94,broken clouds
200,Prachuap Khiri Khan,TH,12.2167,99.75,80.91,67,100,1.97,overcast clouds
201,Thompson,CA,55.7435,-97.8558,46.56,93,20,0.0,few clouds
202,San Jose,US,37.3394,-121.895,65.3,75,40,5.01,smoke
203,Mittersill,AT,47.2667,12.4833,60.13,96,100,1.01,overcast clouds
204,Norman Wells,CA,65.282,-126.8329,30.24,86,75,4.61,broken clouds
205,Hofn,IS,64.2539,-15.2082,42.51,61,92,9.86,overcast clouds
206,Buta,CD,2.7858,24.73,66.58,99,89,1.97,overcast clouds
207,Oranjemund,NA,-28.55,16.4333,58.03,89,89,10.07,overcast clouds
208,Bredasdorp,ZA,-34.5322,20.0403,56.52,88,39,1.14,scattered clouds
209,Nantucket,US,41.2835,-70.0995,66.09,62,1,10.36,clear sky
210,Raahe,FI,64.6833,24.4833,39.29,81,76,12.97,broken clouds
211,Saint-Louis,SN,16.3333,-15.0,83.07,59,89,10.09,overcast clouds
212,Mwinilunga,ZM,-11.7358,24.4293,67.03,37,81,0.67,broken clouds
213,Puerto Leguizamo,CO,-0.1934,-74.7819,75.9,73,43,0.98,scattered clouds
214,Yar-Sale,RU,66.8333,70.8333,34.43,80,2,6.49,clear sky
215,Catuday,PH,16.2923,119.8062,83.68,72,81,5.66,broken clouds
216,Torbay,CA,47.6666,-52.7314,54.88,95,75,12.66,broken clouds
217,Catalao,BR,-18.1658,-47.9464,69.3,59,14,7.27,few clouds
218,Sawakin,SD,19.1059,37.3321,84.06,56,33,3.44,scattered clouds
219,Weingarten,DE,47.8,9.6333,59.02,98,75,3.44,broken clouds
220,Georgetown,MY,5.4112,100.3354,84.88,77,20,0.0,few clouds
221,Shirokiy,RU,49.758,129.523,57.56,97,100,16.26,overcast clouds
222,Dhidhdhoo,MV,6.8833,73.1,79.83,78,100,19.77,light rain
223,Rabat,MA,33.9911,-6.8401,66.04,94,98,0.0,overcast clouds
224,Viedma,AR,-40.8135,-62.9967,40.37,58,4,10.22,clear sky
225,Isangel,VU,-19.55,169.2667,80.71,74,75,9.22,broken clouds
226,Chuy,UY,-33.6971,-53.4616,56.73,94,8,5.06,clear sky
227,Carutapera,BR,-1.195,-46.02,78.06,81,35,8.05,scattered clouds
228,Lodja,CD,-3.4833,23.4333,67.1,97,95,0.85,overcast clouds
229,Itaguai,BR,-22.8522,-43.7753,74.59,94,0,2.3,clear sky
230,Kutum,SD,14.2,24.6667,70.57,70,37,5.21,scattered clouds
231,Sioux Lookout,CA,50.1001,-91.917,53.98,71,1,4.61,clear sky
232,Severo-Kurilsk,RU,50.6789,156.125,52.29,82,88,13.06,overcast clouds
233,Vila Franca Do Campo,PT,37.7167,-25.4333,70.2,93,100,8.57,overcast clouds
234,College,US,64.8569,-147.8028,35.58,76,75,4.61,broken clouds
235,Kedrovyy,RU,56.1667,91.8167,36.01,66,20,5.32,few clouds
236,Mayumba,GA,-3.432,10.6554,74.98,89,100,0.76,overcast clouds
237,Vestmannaeyjar,IS,63.4427,-20.2734,42.3,74,98,19.93,overcast clouds
238,Puerto Penasco,MX,31.3167,-113.5333,84.9,57,19,5.99,few clouds
239,Warrington,GB,53.3925,-2.5802,65.86,91,100,1.99,light rain
240,Maniitsoq,GL,65.4167,-52.9,31.68,50,0,6.55,clear sky
241,Makat,KZ,47.6469,53.3463,58.1,67,79,19.35,broken clouds
242,Baghdad,IQ,33.3406,44.4009,69.71,43,0,13.8,clear sky
243,Provideniya,RU,64.3833,-173.3,39.31,60,0,4.47,clear sky
244,San Cristobal,VE,7.7669,-72.225,78.98,91,29,2.37,scattered clouds
245,Barra,BR,-11.0894,-43.1417,79.34,53,28,15.61,scattered clouds
246,Sarangani,PH,5.4033,125.4636,83.84,73,100,8.01,overcast clouds
247,Hervey Bay,AU,-25.2986,152.8535,74.01,58,93,20.89,overcast clouds
248,Doka,SD,13.5167,35.7667,68.85,91,4,2.98,clear sky
249,Sulangan,PH,11.1373,123.7228,83.3,75,100,7.85,overcast clouds
250,Shitanjing,CN,39.2342,106.3439,66.42,43,33,12.53,scattered clouds
251,Cidreira,BR,-30.1811,-50.2056,65.48,95,1,12.28,clear sky
252,Nemuro,JP,43.3236,145.575,64.83,75,0,14.05,clear sky
253,Steamboat Springs,US,40.485,-106.8317,65.79,38,1,0.0,clear sky
254,Hohhot,CN,40.8106,111.6522,59.29,72,20,2.24,few clouds
255,Sand Springs,US,36.1398,-96.1089,82.98,38,1,8.05,clear sky
256,Hualmay,PE,-11.0964,-77.6139,61.86,86,26,8.05,scattered clouds
257,Trinidad,BO,-14.8333,-64.9,84.81,37,11,3.98,few clouds
258,Aripuana,BR,-9.1667,-60.6333,75.07,85,83,3.13,broken clouds
259,Kyabe,TD,9.4515,18.9449,71.87,95,100,4.03,overcast clouds
260,Port-Cartier,CA,50.0334,-66.8654,55.62,98,100,7.4,overcast clouds
261,Muroto,JP,33.2833,134.15,78.84,81,97,20.27,overcast clouds
262,Montanha,BR,-18.1269,-40.3633,67.33,82,57,2.89,broken clouds
263,Fez,MA,34.0372,-4.9998,62.85,100,0,5.75,clear sky
264,Borodino,RU,55.9106,94.8983,38.62,67,80,4.29,broken clouds
265,San Patricio,US,28.017,-97.5169,80.46,65,99,9.62,overcast clouds
266,Kieta,PG,-6.2167,155.6333,83.91,73,80,4.72,light rain
267,Oranjestad,AW,12.524,-70.027,84.15,85,20,10.0,few clouds
268,Sergeyevka,KZ,53.88,67.4158,38.77,55,100,25.9,overcast clouds
269,Wukari,NG,7.85,9.7833,71.28,98,32,4.65,scattered clouds
270,Teshie,GH,5.5836,-0.1072,77.56,88,20,10.36,few clouds
271,Dickinson,US,29.4608,-95.0513,79.02,81,20,5.75,few clouds
272,Abu Kamal,SY,34.4506,40.9171,69.85,28,0,10.04,clear sky
273,Palmer,US,42.1584,-72.3287,57.18,83,1,0.0,clear sky
274,Honiara,SB,-9.4333,159.95,83.21,79,100,6.04,moderate rain
275,Nome,US,64.5011,-165.4064,37.47,75,75,8.05,broken clouds
276,Betsiamites,CA,48.9413,-68.646,55.49,90,89,11.45,overcast clouds
277,Santa Cruz,BO,-17.8,-63.1667,80.06,69,88,6.91,smoke
278,Bathsheba,BB,13.2167,-59.5167,79.41,83,75,14.97,broken clouds
279,Lasa,IT,46.6166,10.7002,59.88,95,85,3.94,overcast clouds
280,Komsomolskiy,UZ,40.4272,71.7189,70.52,30,0,4.61,clear sky
281,San Carlos,VE,9.6612,-68.5827,73.98,91,98,2.89,overcast clouds
282,Longhua,CN,23.6137,114.1919,92.7,55,3,1.36,clear sky
283,Port Blair,IN,11.6667,92.75,81.72,81,100,10.6,overcast clouds
284,Ancud,CL,-41.8697,-73.8203,38.73,82,59,4.0,broken clouds
285,Puri,IN,19.8,85.85,84.72,76,100,13.8,very heavy rain
286,Bilma,NE,18.6853,12.9164,79.47,20,4,8.79,clear sky
287,Mackenzie,CA,55.2999,-123.1698,55.62,88,75,3.44,broken clouds
288,Mouzouras,GR,35.5333,24.15,74.43,88,0,0.0,clear sky
289,Boende,CD,-0.2167,20.8667,69.75,97,100,1.99,overcast clouds
290,Harwich,GB,51.9419,1.2844,62.74,97,87,14.38,overcast clouds
291,Tiznit,MA,29.5833,-9.5,72.46,36,1,1.99,clear sky
292,Petropavlovsk-Kamchatskiy,RU,53.0452,158.6483,57.79,44,20,4.47,few clouds
293,Turmalina,BR,-17.2856,-42.73,64.15,57,3,4.12,clear sky
294,Geraldton,AU,-28.7667,114.6,68.41,45,75,14.97,broken clouds
295,Pecos,US,31.4229,-103.4932,83.23,34,1,11.5,clear sky
296,Bollnas,SE,61.3482,16.3946,46.24,89,92,4.52,overcast clouds
297,Doctor Arroyo,MX,23.6667,-100.1833,66.34,72,20,6.55,few clouds
298,Kaoma,ZM,-14.7833,24.8,61.14,37,43,5.91,scattered clouds
299,Castro,BR,-24.7911,-50.0119,61.03,83,1,5.57,clear sky
300,Namibe,AO,-15.1961,12.1522,61.5,91,40,4.92,scattered clouds
301,Port Macquarie,AU,-31.4333,152.9167,66.38,45,95,5.77,overcast clouds
302,Andenes,NO,69.3143,16.1194,55.38,82,99,18.41,overcast clouds
303,Tuatapere,NZ,-46.1333,167.6833,55.81,47,5,4.45,clear sky
304,Saint Anthony,US,45.0205,-93.218,69.69,80,1,1.01,clear sky
305,Mizan Teferi,ET,6.9833,35.5833,57.83,92,14,3.13,few clouds
306,Paka,MY,4.6374,103.4368,84.13,79,40,2.3,scattered clouds
307,Gat,IL,31.61,34.7642,76.91,100,0,3.65,clear sky
308,Port Elizabeth,ZA,-33.918,25.5701,62.89,94,0,12.66,clear sky
309,Fonte Boa,BR,-2.4959,-66.2662,72.5,98,65,1.81,broken clouds
310,Griffith,US,41.5284,-87.4237,75.88,52,1,1.01,clear sky
311,Bethel,US,41.3712,-73.414,62.49,82,1,0.0,clear sky
312,Dubuque,US,42.4833,-90.8668,69.55,73,1,9.22,clear sky
313,Nampula,MZ,-15.1165,39.2666,69.75,83,20,3.44,few clouds
314,Annau,TM,37.8876,58.516,58.5,72,75,4.61,broken clouds
315,Alice Springs,AU,-23.7,133.8833,90.95,8,64,17.27,broken clouds
316,Epiniana,GR,39.1429,21.6134,55.76,42,0,1.92,clear sky
317,Katsuura,JP,35.1333,140.3,81.1,64,27,18.52,scattered clouds
318,Zetaquira,CO,5.2822,-73.169,58.77,96,27,3.42,scattered clouds
319,Sao Domingos,BR,-13.3983,-46.3183,76.71,34,27,8.43,scattered clouds
320,Ilulissat,GL,69.2167,-51.1,21.22,42,1,4.61,clear sky
321,Ejido,VE,8.5514,-71.2375,65.8,89,45,5.21,scattered clouds
322,Teguise,ES,29.0605,-13.564,68.22,88,14,13.8,few clouds
323,Beaverlodge,CA,55.2166,-119.4361,54.75,76,64,1.28,broken clouds
324,Batticaloa,LK,7.7102,81.6924,83.57,66,100,7.11,overcast clouds
325,Leh,IN,34.1667,77.5833,56.8,23,0,0.85,clear sky
326,Esfarayen,IR,37.0765,57.5101,44.26,52,10,2.53,clear sky
327,Launceston,AU,-41.45,147.1667,59.81,66,40,5.99,scattered clouds
328,Springhill,US,33.006,-93.4668,75.63,59,94,5.91,overcast clouds
329,Iranshahr,IR,27.2025,60.6848,82.74,39,0,4.61,clear sky
330,Kautokeino,NO,69.0125,23.0412,42.3,85,18,7.0,few clouds
331,Sitka,US,57.0531,-135.33,53.49,58,90,9.22,overcast clouds
332,Fort Myers Beach,US,26.452,-81.9481,82.45,79,40,1.99,scattered clouds
333,Kiruna,SE,67.8557,20.2251,45.52,87,90,9.22,overcast clouds
334,Toora-Khem,RU,52.4675,96.11,30.0,83,100,7.47,snow
335,Taltal,CL,-25.4,-70.4833,61.63,72,10,4.61,clear sky
336,Seoul,KR,37.5683,126.9778,74.71,54,0,9.22,clear sky
337,Constitucion,CL,-35.3333,-72.4167,49.75,70,46,7.49,scattered clouds
338,Macherla,IN,16.4833,79.4333,76.1,93,100,8.77,very heavy rain
339,Karratha,AU,-20.7377,116.8463,80.94,25,5,10.96,clear sky
340,Asau,RO,46.4333,26.4,56.32,91,1,1.9,light rain
341,Mjolby,SE,58.326,15.1237,49.73,95,33,6.91,scattered clouds
342,Ferme-Neuve,CA,46.7001,-75.4493,51.58,81,97,4.12,overcast clouds
343,Lagoa,PT,39.05,-27.9833,66.56,67,62,20.15,broken clouds
344,Lisala,CD,2.15,21.5167,69.21,95,100,2.19,overcast clouds
345,Lagos,NG,6.5833,3.75,79.12,93,71,2.48,broken clouds
346,Port Hedland,AU,-20.3167,118.5667,86.05,21,37,12.66,scattered clouds
347,Brae,GB,60.3964,-1.353,55.31,97,100,16.46,overcast clouds
348,Shimanovsk,RU,52.0,127.7,58.91,90,97,10.47,light rain
349,Una,IN,20.8167,71.0333,79.45,86,99,5.48,overcast clouds
350,Mount Pleasant,US,32.7941,-79.8626,72.99,81,90,0.0,overcast clouds
351,Vung Tau,VN,10.346,107.0843,84.24,75,33,14.05,scattered clouds
352,Vardo,NO,70.3705,31.1107,48.4,85,100,15.21,overcast clouds
353,Dubbo,AU,-32.25,148.6167,69.93,43,75,8.05,broken clouds
354,Sur,OM,22.5667,59.5289,84.34,61,8,6.85,clear sky
355,Narasannapeta,IN,18.4167,84.05,81.16,86,100,13.31,light rain
356,Daliang,CN,22.8504,113.247,87.8,51,0,3.51,clear sky
357,Talaya,RU,61.3833,152.75,34.0,64,59,3.04,broken clouds
358,Laguna,US,38.421,-121.4238,75.7,64,1,5.01,clear sky
359,Presidencia Roque Saenz Pena,AR,-26.7852,-60.4388,72.1,39,0,8.7,clear sky
360,Tecpan,GT,14.7623,-90.9947,56.52,96,99,3.53,overcast clouds
361,Chumphon,TH,10.3333,98.8333,78.91,69,95,1.9,overcast clouds
362,Vila,PT,42.0304,-8.1588,56.32,94,100,6.38,overcast clouds
363,Fare,PF,-16.7,-151.0167,79.61,76,1,12.82,clear sky
364,Talnakh,RU,69.4865,88.3972,36.66,46,100,6.51,overcast clouds
365,Neuenhagen,DE,52.5299,13.6891,61.95,84,97,6.29,overcast clouds
366,Banjar,ID,-8.19,114.9675,82.26,54,45,0.4,scattered clouds
367,Manokwari,ID,-0.8667,134.0833,83.89,71,46,7.27,scattered clouds
368,Assiniboia,CA,49.6334,-105.9845,66.11,40,22,9.51,few clouds
369,Guangyuan,CN,32.442,105.823,63.88,95,100,3.67,overcast clouds
370,Zheleznodorozhnyy,RU,55.7503,38.0042,49.35,92,99,9.4,overcast clouds
371,Homestead,US,25.4687,-80.4776,82.02,78,1,1.01,clear sky
372,Kologriv,RU,58.8275,44.3178,45.55,93,100,9.08,overcast clouds
373,West Bay,KY,19.3667,-81.4167,84.27,79,20,1.99,few clouds
374,Patrocinio,BR,-18.9439,-46.9925,64.96,65,97,0.47,overcast clouds
375,Charlestown,AU,-32.95,151.6667,68.68,51,31,3.0,scattered clouds
376,Westport,US,41.1415,-73.3579,67.98,76,1,1.99,clear sky
377,Kavaratti,IN,10.5669,72.642,81.27,79,100,23.67,overcast clouds
378,Alofi,NU,-19.0595,-169.9187,78.69,61,100,6.91,overcast clouds
379,Lompoc,US,34.6391,-120.4579,63.57,84,1,6.91,clear sky
380,Leningradskiy,RU,69.3833,178.4167,29.75,79,100,6.31,overcast clouds
381,Lardos,GR,36.0942,28.0157,73.94,77,99,8.86,overcast clouds
382,San Antonio,US,29.4241,-98.4936,80.17,46,1,1.01,haze
383,Guaruja,BR,-23.9931,-46.2564,80.17,26,35,1.77,scattered clouds
384,Nurota,UZ,40.5614,65.6886,53.69,78,18,3.74,few clouds
385,Boa Vista,BR,2.8197,-60.6733,80.58,74,0,3.44,clear sky
386,Iqaluit,CA,63.7506,-68.5145,35.33,80,75,15.99,broken clouds
387,Inirida,CO,3.8653,-67.9239,74.39,92,85,0.96,overcast clouds
388,Moura,PT,38.1401,-7.4486,59.11,79,100,5.3,overcast clouds
389,Colares,PT,38.7992,-9.4469,65.34,78,100,1.01,overcast clouds
390,Mabaruma,GY,8.2,-59.7833,76.15,89,5,2.77,clear sky
391,Vyshkov,RU,52.4764,31.6873,46.29,93,49,6.8,scattered clouds
392,Ascension,US,30.2169,-90.9001,73.4,81,1,0.0,clear sky
393,Fort Nelson,CA,58.8053,-122.7002,44.19,70,90,0.0,light rain
394,Ohrid,MK,41.1172,20.8019,62.19,47,14,1.72,few clouds
395,Aklavik,CA,68.2191,-135.0107,32.83,93,96,4.34,overcast clouds
396,Cacapava Do Sul,BR,-30.5122,-53.4914,54.59,97,0,3.15,clear sky
397,Kenai,US,60.5544,-151.2583,47.03,69,1,5.75,clear sky
398,Ust-Kuyga,RU,70.0167,135.6,33.04,88,100,4.72,overcast clouds
399,Shahr-E Babak,IR,30.1165,55.1186,68.05,14,0,6.15,clear sky
400,Anadyr,RU,64.75,177.4833,36.1,80,0,2.24,clear sky
401,Poya,NC,-21.35,165.15,76.86,51,3,10.58,clear sky
402,Zhigansk,RU,66.7697,123.3711,36.12,77,67,24.0,broken clouds
403,Zhangjiakou,CN,40.81,114.8794,66.13,63,66,2.73,broken clouds
404,Bagdarin,RU,54.4333,113.6,41.4,56,99,9.37,overcast clouds
405,Belen,TR,36.4891,36.2233,46.54,76,0,0.0,clear sky
406,Iroquois Falls,CA,48.7669,-80.6831,50.14,96,98,2.42,light rain
407,Omsukchan,RU,62.5333,155.8,33.28,62,96,4.34,overcast clouds
408,Dingle,PH,10.9995,122.6711,86.36,72,98,7.52,overcast clouds
409,Ambulu,ID,-8.345,113.6058,84.34,61,92,8.93,overcast clouds
410,Oppdal,NO,62.5943,9.6912,45.95,93,79,14.65,broken clouds
411,Yerbogachen,RU,61.2767,108.0108,33.12,95,100,13.31,snow
412,Port Augusta,AU,-32.5,137.7667,79.7,15,69,16.15,broken clouds
413,Tahta,EG,26.7693,31.5021,77.32,42,20,7.05,few clouds
414,Ofaqim,IL,31.3141,34.6203,74.71,72,0,6.53,clear sky
415,Hokitika,NZ,-42.7167,170.9667,53.19,48,58,8.77,broken clouds
416,Cockburn Town,TC,21.4612,-71.1419,83.3,74,10,12.03,clear sky
417,Envira,BR,-7.3,-70.2167,75.56,79,9,2.53,clear sky
418,Suluq,LY,31.6682,20.2521,69.15,66,0,6.87,clear sky
419,Auki,SB,-8.7676,160.7034,83.82,71,93,2.44,light rain
420,Maraba,BR,-5.3686,-49.1178,78.03,64,73,2.93,broken clouds
421,Trincomalee,LK,8.5711,81.2335,82.11,76,100,24.83,overcast clouds
422,Jieshi,CN,22.8134,115.8257,88.95,64,4,8.97,clear sky
423,Sarkand,KZ,45.41,79.9186,70.41,17,23,3.69,few clouds
424,Mesyagutovo,RU,55.5303,58.2528,34.16,96,100,14.29,snow
425,Ponta Delgada,PT,37.7333,-25.6667,70.5,88,75,10.36,broken clouds
426,Kiama,AU,-34.6833,150.8667,68.0,56,62,10.0,broken clouds
427,Taoudenni,ML,22.6783,-3.9836,89.82,12,7,8.7,clear sky
428,Micoud,LC,13.8167,-60.9,80.53,89,75,14.97,broken clouds
429,Flin Flon,CA,54.7682,-101.865,51.46,71,100,5.64,overcast clouds
430,Salina Cruz,MX,16.1667,-95.2,79.77,78,21,12.17,few clouds
431,Valkeala,FI,60.9401,26.7979,34.2,100,56,2.3,mist
432,Ewa Beach,US,21.3156,-158.0072,87.75,61,20,14.97,few clouds
433,Hope,US,33.6671,-93.5916,75.25,57,62,6.31,broken clouds
434,Nuuk,GL,64.1835,-51.7216,32.61,69,1,5.75,clear sky
435,Vanavara,RU,60.34,102.2797,32.81,93,100,12.1,light snow
436,Itigi,TZ,-5.7,34.4833,62.6,58,72,6.02,broken clouds
437,Veraval,IN,20.9,70.3667,81.36,83,93,6.31,overcast clouds
438,Quchan,IR,37.106,58.5095,49.73,76,0,0.56,clear sky
439,Sao Miguel Do Araguaia,BR,-13.275,-50.1628,82.58,42,79,4.94,broken clouds
440,Port Lincoln,AU,-34.7333,135.8667,65.3,51,100,12.01,overcast clouds
441,Pevek,RU,69.7008,170.3133,31.89,89,100,23.04,light snow
442,Rypefjord,NO,70.6333,23.6667,52.27,100,90,10.36,light intensity drizzle
443,Saint-Cyr-Sur-Loire,FR,47.4,0.6667,61.05,94,90,9.22,overcast clouds
444,Pesqueira,BR,-8.3578,-36.6964,67.96,83,74,15.41,broken clouds
445,San Quintin,MX,30.4833,-115.95,67.78,79,42,9.48,scattered clouds
446,Oktyabrskiy,RU,54.4815,53.471,45.86,89,100,12.44,overcast clouds
447,Henties Bay,NA,-22.116,14.2845,55.85,94,56,5.46,broken clouds
448,Demba,CD,-5.51,22.2667,67.42,96,100,3.13,light rain
449,La Ronge,CA,55.1001,-105.2842,57.45,67,90,4.61,overcast clouds
450,Novopokrovka,UA,49.8425,36.5477,48.58,93,18,10.4,few clouds
451,Sinnamary,GF,5.3833,-52.95,80.24,82,13,11.74,few clouds
452,Guanica,PR,17.9716,-66.908,81.25,93,77,5.46,broken clouds
453,Cehegin,ES,38.0924,-1.7985,65.28,63,100,1.9,overcast clouds
454,Samarai,PG,-10.6167,150.6667,80.17,83,47,14.03,scattered clouds
455,Yuryev-Polskiy,RU,56.5,39.6833,45.21,96,100,11.36,overcast clouds
456,Necochea,AR,-38.5473,-58.7368,46.04,73,87,8.75,overcast clouds
457,Barao De Melgaco,BR,-16.1944,-55.9675,82.92,59,38,4.18,scattered clouds
458,Bandarbeyla,SO,9.4942,50.8122,78.76,75,7,15.43,clear sky
459,Dharmavaram,IN,14.4333,77.7167,78.94,67,100,18.05,overcast clouds
460,Terrak,NO,65.087,12.3715,58.87,78,99,9.31,overcast clouds
461,Mahebourg,MU,-20.4081,57.7,71.26,94,75,18.41,broken clouds
462,Bubaque,GW,11.2833,-15.8333,83.01,79,97,9.08,overcast clouds
463,Praia,CV,14.9215,-23.5087,77.54,83,20,8.05,few clouds
464,Rio Rancho,US,35.2334,-106.6645,71.74,50,75,3.0,broken clouds
465,Pochutla,MX,15.7432,-96.4661,76.37,82,100,4.18,overcast clouds
466,Ust-Omchug,RU,61.15,149.6333,38.53,56,20,3.09,few clouds
467,Jumla,NP,29.2747,82.1838,66.45,70,23,1.97,few clouds
468,Sosnovo-Ozerskoye,RU,52.5249,111.5418,40.86,47,68,14.81,broken clouds
469,Fairbanks,US,64.8378,-147.7164,35.6,76,75,4.61,broken clouds
470,Juneau,US,58.3019,-134.4197,51.8,84,90,5.75,overcast clouds
471,San Felipe,VE,10.3399,-68.7425,73.98,85,79,2.33,broken clouds
472,Seymchan,RU,62.8833,152.4333,40.08,56,95,4.68,overcast clouds
473,Katobu,ID,-4.9408,122.5276,86.9,54,95,7.36,overcast clouds
474,Forrest City,US,35.0081,-90.7898,67.86,56,0,8.3,clear sky
475,Sao Felix Do Xingu,BR,-6.6447,-51.995,76.66,65,61,0.38,broken clouds
476,Novikovo,RU,51.1537,37.8879,48.54,84,99,14.81,overcast clouds
477,Kvitok,RU,56.0724,98.4813,37.33,84,92,6.04,overcast clouds
478,Storforshei,NO,66.4043,14.5233,48.65,86,100,6.51,overcast clouds
479,Imbituba,BR,-28.24,-48.6703,69.69,95,13,8.14,few clouds
480,Kintinku,TZ,-5.8833,35.2333,67.48,57,70,2.91,broken clouds
481,Bichena,ET,10.45,38.2,48.04,83,3,3.62,clear sky
482,Marica,BR,-22.9194,-42.8186,74.86,90,97,1.01,overcast clouds
483,Conakry,GN,9.538,-13.6773,72.36,79,100,6.53,light rain
484,Camopi,GF,3.1655,-52.3158,72.25,93,100,2.37,overcast clouds
485,Zhezkazgan,KZ,47.8043,67.7144,53.82,64,100,18.7,light rain
486,Erzin,TR,36.9559,36.2,59.52,30,47,2.82,scattered clouds
487,Pointe Michel,DM,15.25,-61.3833,82.94,73,29,8.57,scattered clouds
488,Namatanai,PG,-3.6667,152.4333,85.37,65,29,5.17,light rain
489,Anuradhapura,LK,8.3565,80.4173,79.65,81,100,18.61,overcast clouds
490,Shenzhen,CN,22.5455,114.0683,87.85,74,10,2.15,light rain
491,Zyryanka,RU,65.75,150.85,36.19,86,100,16.51,light rain
492,Mildura,AU,-34.2,142.15,73.08,28,88,9.22,overcast clouds
493,Pasighat,IN,28.0667,95.3333,82.72,73,71,1.99,broken clouds
494,Mangrol,IN,21.1167,70.1167,81.55,81,94,5.53,overcast clouds
495,Verkhnevilyuysk,RU,63.4453,120.3167,41.0,63,97,13.11,overcast clouds
496,Kannur,IN,11.8675,75.3576,79.2,83,100,7.4,light rain
497,Aktash,RU,50.3,87.7333,21.24,61,61,2.28,broken clouds
498,Najran,SA,17.4924,44.1277,74.05,23,0,3.47,clear sky
499,Bousso,TD,10.4795,16.7117,72.84,83,100,5.68,overcast clouds
500,Eyl,SO,7.9803,49.8164,80.87,59,67,18.41,broken clouds
501,Huty,UA,50.1332,35.3439,42.55,97,13,9.78,few clouds
502,Tchibanga,GA,-2.85,11.0333,71.24,93,100,2.01,light rain
503,Denpasar,ID,-8.65,115.2167,82.06,78,20,17.27,few clouds
504,Khasan,RU,42.4308,130.6434,67.69,79,100,12.59,moderate rain
505,Tra Vinh,VN,9.9347,106.3453,84.85,76,59,8.97,broken clouds
506,Ballitoville,ZA,-29.539,31.2144,63.25,88,0,1.14,clear sky
507,Valparaiso,CL,-33.0393,-71.6273,53.24,87,0,3.44,clear sky
508,Manturovo,RU,58.3353,44.7619,45.55,93,100,9.06,overcast clouds
509,Oshkosh,US,44.0247,-88.5426,70.83,69,1,3.0,clear sky
510,Tigil,RU,57.8,158.6667,48.49,71,100,2.75,overcast clouds
511,Raudeberg,NO,61.9875,5.1352,63.27,76,99,11.61,overcast clouds
512,Khatanga,RU,71.9667,102.5,32.63,81,96,11.18,overcast clouds
513,Reconquista,AR,-29.15,-59.65,65.32,59,0,8.48,clear sky
514,Quatre Cocos,MU,-20.2078,57.7625,71.1,76,70,20.36,broken clouds
515,Nara,JP,34.6851,135.8049,79.97,55,30,6.17,scattered clouds
516,Barsovo,RU,61.1667,73.1667,32.13,77,0,8.05,clear sky
517,Kupang,ID,-10.1667,123.5833,90.18,43,20,8.05,few clouds
518,Fortuna,US,40.5982,-124.1573,63.36,59,90,0.0,overcast clouds
519,Priiskovyy,RU,51.9333,116.6333,46.83,48,19,18.59,few clouds
520,Bambanglipuro,ID,-7.95,110.2833,84.16,63,80,15.3,broken clouds
521,Ostrovnoy,RU,68.0531,39.5131,44.02,87,100,17.58,overcast clouds
522,Duldurga,RU,50.6761,113.5931,49.78,38,1,11.07,clear sky
523,Bonavista,CA,48.6499,-53.1147,55.11,93,97,10.33,overcast clouds
524,Dvinskoy,RU,62.1535,45.1175,44.76,92,100,5.82,overcast clouds
525,Smithers,CA,54.7804,-127.1743,53.92,87,75,3.44,light rain
526,Taganak,PH,6.0833,118.3,86.14,73,42,5.77,scattered clouds
527,Porto Velho,BR,-8.7619,-63.9039,82.45,74,0,3.44,light rain
528,Naryan-Mar,RU,67.6713,53.087,39.63,82,100,12.06,overcast clouds
529,Ola,RU,59.5833,151.2833,46.94,48,1,3.69,clear sky
530,Sola,VU,-13.8833,167.55,79.07,78,41,15.97,scattered clouds
531,Souillac,MU,-20.5167,57.5167,71.37,94,75,18.41,broken clouds
532,Alamosa,US,37.4695,-105.87,64.38,34,90,5.75,overcast clouds
533,Te Anau,NZ,-45.4167,167.7167,50.45,39,0,1.79,clear sky
534,Broken Hill,AU,-31.95,141.4333,69.51,13,2,6.91,clear sky
535,Embonas,GR,36.2269,27.8564,68.83,75,100,8.37,overcast clouds
536,Roma,US,43.2128,-75.4557,58.86,84,90,0.0,overcast clouds
537,Pangnirtung,CA,66.1451,-65.7125,31.66,78,19,0.74,few clouds
538,Mosquera,CO,4.7059,-74.2302,50.09,81,63,3.44,broken clouds
539,Cap Malheureux,MU,-19.9842,57.6142,71.47,74,55,10.0,broken clouds
540,Honningsvag,NO,70.9821,25.9704,49.53,93,100,25.88,overcast clouds
541,Tadine,NC,-21.55,167.8833,72.01,58,99,7.25,overcast clouds
542,Nador,MA,35.174,-2.9287,62.85,88,0,0.0,clear sky
543,Fort-Shevchenko,KZ,44.5086,50.263,63.86,74,99,23.82,overcast clouds
544,Panchagarh,BD,26.3313,88.562,86.83,65,8,6.24,clear sky
545,Ahipara,NZ,-35.1667,173.1667,54.46,70,100,10.89,light rain
546,Kungurtug,RU,50.5994,97.5228,33.51,73,92,7.72,light snow
547,Bakuriani,GE,41.7497,43.5325,38.34,75,0,4.83,clear sky
548,Grand Gaube,MU,-20.0064,57.6608,71.38,74,55,10.0,broken clouds
549,Vihti,FI,60.417,24.3197,44.35,94,23,4.0,few clouds
550,Natal,BR,-5.795,-35.2094,75.85,100,40,8.05,scattered clouds
551,Moose Factory,CA,51.2585,-80.6094,46.4,93,90,4.61,overcast clouds
552,Mechanicsville,US,37.6088,-77.3733,60.24,90,1,0.0,clear sky
553,Nakusp,CA,50.2499,-117.8023,58.48,88,100,1.14,light rain
554,Mokhotlong,LS,-29.2894,29.0675,55.67,55,10,4.43,clear sky
555,Siachoque,CO,5.5124,-73.2444,46.63,96,52,1.83,broken clouds
556,Teahupoo,PF,-17.8333,-149.2667,76.96,79,17,13.13,few clouds
557,Jinka,ET,5.65,36.65,63.73,80,94,2.86,light rain
558,Orlik,RU,52.5178,99.825,33.53,76,100,2.98,light snow
559,Tabou,CI,4.423,-7.3528,74.95,87,100,1.12,light rain
560,Ambon,ID,-3.6954,128.1814,84.34,84,40,6.91,scattered clouds
561,Karsun,RU,54.1994,46.9827,47.57,89,100,12.12,overcast clouds
562,Martapura,ID,-3.4167,114.85,87.89,62,40,4.61,scattered clouds
563,The Valley,AI,18.217,-63.0578,83.82,77,2,12.39,clear sky
564,Barranca,PE,-10.75,-77.7667,61.41,86,54,6.53,broken clouds
565,Lupiro,TZ,-8.3833,36.6667,66.83,78,50,3.15,scattered clouds
566,Corinto,GR,37.9407,22.9573,71.69,50,0,5.06,clear sky
567,Susono,JP,35.2184,138.8817,76.59,58,22,9.75,few clouds
568,Mana,GF,5.6592,-53.7767,80.33,83,3,10.31,clear sky
569,Rosario Do Sul,BR,-30.2583,-54.9142,58.98,84,0,6.76,clear sky
570,Yaring,TH,6.8662,101.3689,82.44,72,99,2.64,overcast clouds
571,Yilan,TW,24.757,121.753,89.46,63,30,6.49,scattered clouds
572,Teluk Nibung,ID,3.001,99.8164,75.49,95,100,3.47,overcast clouds
573,Vossevangen,NO,60.623,6.4229,55.44,78,100,6.71,overcast clouds
574,Soyo,AO,-6.1349,12.3689,74.77,87,100,6.4,overcast clouds
575,Yermolayevo,RU,52.7167,55.8,44.76,56,93,16.58,overcast clouds
576,Salinopolis,BR,-0.6136,-47.3561,79.63,76,32,11.97,scattered clouds
577,Kunda,IN,25.7167,81.5167,85.57,73,48,11.39,scattered clouds
578,Wanning,CN,18.8003,110.3967,85.66,70,14,5.84,moderate rain
579,Faridpur,BD,23.6,89.8333,84.2,74,100,0.81,overcast clouds
580,Khorramshahr,IR,30.4397,48.1664,69.76,32,0,6.91,clear sky
581,Benguela,AO,-12.5763,13.4055,68.31,83,0,4.07,clear sky
582,Evensk,RU,61.95,159.2333,45.07,44,12,3.42,few clouds
583,Anshun,CN,26.25,105.9333,72.5,74,52,11.14,broken clouds
584,Shimoda,JP,34.6667,138.95,73.76,61,9,20.07,clear sky
585,Uvalde,US,29.3669,-99.767,76.15,22,1,5.75,clear sky
586,Ylivieska,FI,64.0833,24.55,44.31,87,42,5.5,scattered clouds
587,Saint-Prosper,CA,46.2117,-70.4811,53.69,86,65,5.35,broken clouds
588,Tezu,IN,27.9167,96.1667,89.06,51,77,1.97,broken clouds
589,Samarinda,ID,-0.5,117.15,85.15,70,100,3.6,overcast clouds
590,Tutoia,BR,-2.7619,-42.2744,79.39,83,22,13.53,few clouds
591,Ongandjera,NA,-17.8833,15.0667,65.28,27,2,6.04,clear sky
592,Christchurch,NZ,-43.5333,172.6333,52.0,59,75,4.0,broken clouds
593,Wad Rawah,SD,15.1603,33.1397,82.78,55,0,5.77,clear sky
594,Sept-Iles,CA,50.2001,-66.3821,55.92,98,90,8.99,mist
595,Huanuco,PE,-9.9329,-76.2415,62.4,91,23,1.72,few clouds
596,Riyadh,SA,24.6877,46.7219,77.14,31,98,8.52,overcast clouds
597,Marawi,PH,7.9986,124.2928,75.65,58,94,3.53,overcast clouds
598,Camabatela,AO,-8.1881,15.375,61.25,97,99,4.14,overcast clouds
599,Nkhata Bay,MW,-11.6066,34.2907,72.21,55,11,2.44,few clouds
600,Jackson,US,42.4165,-122.8345,75.07,19,1,11.5,clear sky
601,Portland,US,45.5234,-122.6762,72.18,66,78,5.01,broken clouds
602,Roald,NO,62.5833,6.1333,59.11,82,90,0.0,overcast clouds
603,Khandbari,NP,27.3747,87.2039,79.29,66,53,1.88,broken clouds
604,Smirnykh,RU,49.75,142.8333,64.92,51,100,4.03,overcast clouds
605,Monte Patria,CL,-30.6919,-70.9467,65.7,45,0,1.12,clear sky
606,Long Beach,US,33.767,-118.1892,70.43,83,90,5.99,overcast clouds
607,Todos Santos,MX,23.45,-110.2167,86.11,80,4,2.95,clear sky
608,Log,RU,49.4844,43.8613,48.88,83,95,17.67,overcast clouds
609,Atmakur,IN,15.8833,78.5833,76.5,90,100,9.42,moderate rain
610,Mogadishu,SO,2.0371,45.3438,77.94,80,50,18.79,scattered clouds
611,Bhadrachalam,IN,17.6667,80.8833,74.44,98,100,15.97,moderate rain
612,Rio Grande,BR,-32.035,-52.0986,60.94,94,2,7.36,clear sky
613,Manta,EC,-0.95,-80.7333,73.18,83,75,12.66,broken clouds
614,Hearst,CA,49.6835,-83.6665,46.65,96,35,4.16,scattered clouds
615,Havre-Saint-Pierre,CA,50.2334,-63.5986,57.56,94,90,21.85,mist
616,Tommot,RU,58.9564,126.2925,41.76,92,100,9.26,light rain
617,Nizwa,OM,22.9333,57.5333,83.23,51,67,0.58,broken clouds
618,Bucerias,MX,20.75,-105.3333,78.98,98,85,2.84,overcast clouds
619,Abonnema,NG,4.7084,6.7931,74.26,93,99,2.95,overcast clouds
620,Jutai,BR,-5.1833,-68.9,74.95,84,29,1.74,scattered clouds
621,Sao Jose Da Coroa Grande,BR,-8.8978,-35.1478,75.51,85,26,14.79,scattered clouds
622,Lazaro Cardenas,MX,17.9583,-102.2,80.58,82,98,2.93,overcast clouds
623,Kurchum,KZ,48.5722,83.6542,45.28,32,45,7.23,scattered clouds
624,Aksu,CN,41.1231,80.2644,70.5,20,0,1.1,clear sky
625,Tsiroanomandidy,MG,-18.7667,46.0333,61.23,64,0,3.18,clear sky
626,Bhojudih,IN,23.6333,86.45,84.2,72,5,7.94,clear sky
627,Ossora,RU,59.2353,163.0719,49.48,66,65,9.69,broken clouds
628,Eisiskes,LT,54.1667,25.0,39.54,90,2,5.46,clear sky
629,Gangawati,IN,15.4333,76.5333,74.5,86,100,10.74,overcast clouds
630,Tura,IN,25.5198,90.2201,84.67,72,10,1.39,clear sky
631,Uige,AO,-7.6087,15.0613,68.11,90,99,2.93,overcast clouds
632,Garissa,KE,-0.4536,39.6401,72.45,82,46,12.97,scattered clouds
633,Issoudun,FR,47.0,1.8333,59.65,94,0,4.61,clear sky
634,Idil,TR,37.3411,41.8895,63.88,23,17,5.66,few clouds
635,Dolores,AR,-36.3132,-57.6792,51.1,73,99,11.14,overcast clouds
636,Esso,RU,55.9333,158.7,45.68,66,100,4.38,overcast clouds
637,Callaway,US,30.153,-85.5699,75.9,86,75,0.0,broken clouds
638,Yangambi,CD,0.8102,24.4336,66.38,96,60,2.28,broken clouds
639,Magadan,RU,59.5667,150.8,45.41,52,0,6.13,clear sky
640,Inverell,AU,-29.7833,151.1167,69.12,47,61,5.99,broken clouds
641,Vagur,FO,61.4732,-6.8119,49.87,87,95,12.93,overcast clouds
642,Tucurui,BR,-3.7661,-49.6725,78.03,74,24,6.15,few clouds
643,Velasco Ibarra,EC,-1.05,-79.6167,76.57,72,100,3.8,overcast clouds
644,Santiago,CL,-33.4569,-70.6483,61.29,60,0,8.05,clear sky
645,Wasilla,US,61.5814,-149.4394,46.89,58,1,0.0,clear sky
646,Rock Sound,BS,24.9,-76.2,82.22,74,85,12.12,overcast clouds
647,Riachao Do Dantas,BR,-11.0689,-37.725,68.38,98,37,3.94,scattered clouds
648,Frontera,MX,26.9333,-101.45,79.95,60,100,4.65,overcast clouds
649,Vanimo,PG,-2.6741,141.3028,85.57,64,100,5.93,moderate rain
650,Puerto Barrios,GT,15.7167,-88.6,80.15,95,96,1.83,overcast clouds
651,Labuan,MY,5.2767,115.2417,86.36,74,40,1.99,scattered clouds
652,Aloleng,PH,16.1307,119.7824,85.44,71,90,5.97,overcast clouds
653,Mokhsogollokh,RU,61.4681,128.9203,44.8,57,100,12.39,overcast clouds
654,Formosa Do Rio Preto,BR,-11.0483,-45.1931,78.06,37,21,2.91,few clouds
655,Ati,TD,13.2154,18.3353,81.34,59,100,7.94,overcast clouds
656,Tocopilla,CL,-22.092,-70.1979,62.04,72,14,1.72,few clouds
657,Bintulu,MY,3.1667,113.0333,88.21,74,40,3.44,scattered clouds
658,Boromo,BF,11.75,-2.9333,77.13,71,48,6.42,scattered clouds
659,Umm Kaddadah,SD,13.6017,26.6876,80.31,59,11,5.19,few clouds
660,Kota Belud,MY,6.351,116.4305,85.86,72,92,4.38,overcast clouds
661,Haicheng,CN,40.8516,122.7475,63.97,92,100,2.66,overcast clouds
662,Darnah,LY,32.767,22.6367,74.39,67,0,16.06,clear sky
663,Mandalgovi,MN,45.7625,106.2708,57.07,22,0,18.5,clear sky
664,Golden,US,39.7555,-105.2211,78.49,23,40,3.0,scattered clouds
665,Patacamaya,BO,-17.2333,-67.9167,45.52,80,11,8.77,few clouds
666,Ust-Shonosha,RU,61.1531,41.343,45.82,97,100,6.51,overcast clouds
667,Nagato,JP,34.3833,131.2,78.75,72,31,5.57,scattered clouds
668,Kirakira,SB,-10.4544,161.9205,83.05,77,98,10.25,overcast clouds
669,Lubao,PH,14.9167,120.55,89.67,66,28,3.85,scattered clouds
670,Erdenet,MN,49.0333,104.0833,45.9,40,36,4.85,scattered clouds
671,Dalbandin,PK,28.8947,64.4101,85.66,8,8,2.48,clear sky
672,Cayenne,GF,4.9333,-52.3333,83.08,79,40,5.01,scattered clouds
673,Bukoba,TZ,-1.3317,31.8122,66.18,77,20,11.5,few clouds
674,Kimberley,ZA,-28.7323,24.7623,58.69,36,0,6.91,clear sky
675,Pitimbu,BR,-7.4706,-34.8086,75.79,84,23,17.96,few clouds
676,Joetsu,JP,37.1483,138.2364,81.72,59,32,7.36,scattered clouds
677,Teykovo,RU,56.858,40.5369,46.2,95,100,8.75,light rain
678,Tongling,CN,30.95,117.7833,78.87,83,100,7.67,overcast clouds
679,Abalak,RU,58.1286,68.5944,38.19,65,71,9.55,broken clouds
680,Sangar,RU,63.9242,127.4739,43.59,71,73,2.37,broken clouds
681,Montepuez,MZ,-13.1256,38.9997,64.69,87,6,2.37,clear sky
682,Bati,ET,11.1833,40.0167,65.7,55,24,6.15,few clouds
683,Villa Carlos Paz,AR,-31.4241,-64.4978,59.4,49,0,4.41,clear sky
684,Pisco,PE,-13.7,-76.2167,60.85,82,40,2.3,scattered clouds
685,Missoula,US,47.0166,-113.8009,63.0,45,0,3.31,clear sky
686,Darhan,MN,49.4867,105.9228,46.17,51,93,2.57,overcast clouds
687,Svetlaya,RU,46.5389,138.3297,63.68,68,14,10.42,few clouds
688,Knin,HR,44.0439,16.2,69.89,76,12,3.76,few clouds
689,Tandil,AR,-37.3217,-59.1332,49.3,71,100,8.01,overcast clouds
690,Toowoomba,AU,-27.55,151.9667,63.34,75,89,5.99,overcast clouds
691,Vostok,RU,46.4856,135.8833,66.2,54,96,5.53,overcast clouds
692,Nacimiento,CL,-37.5,-72.6667,41.68,78,71,6.8,broken clouds
693,Naze,JP,28.3667,129.4833,85.12,75,32,16.89,scattered clouds
694,Nanganga,TZ,-10.3833,39.15,65.93,97,40,1.95,scattered clouds
695,Prince Rupert,CA,54.3161,-130.3201,55.09,83,90,11.5,light rain
696,Nadym,RU,65.5333,72.5167,35.26,72,1,3.8,clear sky
697,Sterling,US,39.0062,-77.4286,64.11,79,1,3.0,clear sky
698,Otane,NZ,-39.8833,176.6333,52.02,91,96,7.09,overcast clouds
699,Pedasi,PA,7.5333,-80.0333,79.07,84,99,4.9,overcast clouds
700,Fethiye,TR,36.6217,29.1164,58.87,42,89,4.43,overcast clouds
701,Yashkul,RU,46.1711,45.3435,53.53,68,22,13.53,few clouds
702,Amalner,IN,21.05,75.0667,79.45,84,99,10.36,overcast clouds
703,Narsaq,GL,60.9167,-46.05,30.42,48,0,6.87,clear sky
704,Talcahuano,CL,-36.7167,-73.1167,47.88,76,0,12.66,clear sky
705,Casper,US,42.8666,-106.3131,67.5,25,1,4.61,clear sky
706,Mehamn,NO,71.0357,27.8492,49.95,93,75,12.66,broken clouds
707,Vestmanna,FO,62.1564,-7.1664,47.32,100,75,9.22,broken clouds
